{"cameraMode":{"drawMode":0,"name":"Shaded","section":"Shading Mode"},"sceneLighting":true,"audioPlay":false,"sceneViewState":{"showFog":true,"showMaterialUpdate":false,"showSkybox":true,"showFlares":true,"showImageEffects":true,"showParticleSystems":true},"in2DMode":false,"pivot":{"x":-12.15262222290039,"y":44.90327835083008,"z":-58.039363861083987},"rotation":{"x":0.23707598447799684,"y":0.08584381639957428,"z":-0.021026263013482095,"w":0.967473566532135},"size":4.0578837394714359,"orthographic":false}